Wall time,Step,Value
1745705925.9455526,1,0.4179868698120117
1745706473.759464,2,0.730241060256958
1745707016.9747443,3,0.8059370517730713
1745707559.1842098,4,0.842521607875824
1745708117.666287,5,0.8696359395980835
1745708675.0365593,6,0.9260838031768799
1745709224.9819193,7,0.9429808259010315
1745709770.9260626,8,0.9493529200553894
1745710325.810792,9,0.9546703100204468
1745710871.2485774,10,0.9617674946784973
1745711416.1794722,11,0.9636571407318115
1745711962.9898934,12,0.9644261598587036
1745712508.456915,13,0.9648216962814331
1745713057.5723016,14,0.9659862518310547
1745713604.9145277,15,0.9650194644927979
1745714152.0131207,16,0.9663158655166626
1745714698.204959,17,0.9668431878089905
1745715245.6855793,18,0.9657884836196899
1745715792.3986232,19,0.9660082459449768
1745716337.836791,20,0.9660082459449768
